Ticker,Name,Industry,Sub-Industry,Headquarters Location,Date added,Founded,domain
MMM,3M,Industrials,Industrial Conglomerates,"Saint Paul, Minnesota",3/4/1957,1902,3m.com
AOS,A. O. Smith,Industrials,Building Products,"Milwaukee, Wisconsin",7/26/2017,1916,aosmith.com
ABT,Abbott,Health Care,Health Care Equipment,"North Chicago, Illinois",3/4/1957,1888,abbott.com
ABBV,AbbVie,Health Care,Pharmaceuticals,"North Chicago, Illinois",12/31/2012,2013 (1888),abbvie.com
ACN,Accenture,Information Technology,IT Consulting & Other Services,"Dublin, Ireland",7/6/2011,1989,accenture.com
ATVI,Activision Blizzard,Communication Services,Interactive Home Entertainment,"Santa Monica, California",8/31/2015,2008,blizzard.com
ADM,ADM,Consumer Staples,Agricultural Products,"Chicago, Illinois",3/4/1957,1902,adm.com
ADBE,Adobe Inc.,Information Technology,Application Software,"San Jose, California",5/5/1997,1982,adobe.com
ADP,ADP,Information Technology,Data Processing & Outsourced Services,"Roseland, New Jersey",3/31/1981,1949,adp.com
AAP,Advance Auto Parts,Consumer Discretionary,Automotive Retail,"Raleigh, North Carolina",7/9/2015,1932,advanceautoparts.com
AES,AES Corporation,Utilities,Independent Power Producers & Energy Traders,"Arlington, Virginia",10/2/1998,1981,aes.com
AFL,Aflac,Financials,Life & Health Insurance,"Columbus, Georgia",5/28/1999,1955,aflac.com
A,Agilent Technologies,Health Care,Health Care Equipment,"Santa Clara, California",6/5/2000,1999,agilent.com
APD,Air Products and Chemicals,Materials,Industrial Gases,"Allentown, Pennsylvania",4/30/1985,1940,airproducts.com
AKAM,Akamai,Information Technology,Internet Services & Infrastructure,"Cambridge, Massachusetts",7/12/2007,1998,akamai.com
ALK,Alaska Air Group,Industrials,Airlines,"SeaTac, Washington",5/13/2016,1985,news.alaskaair.com
ALB,Albemarle Corporation,Materials,Specialty Chemicals,"Charlotte, North Carolina",7/1/2016,1994,albemarle.com
ARE,Alexandria Real Estate Equities,Real Estate,Office REITs,"Pasadena, California",3/20/2017,1994,alexandriava.gov
ALGN,Align Technology,Health Care,Health Care Supplies,"Tempe, Arizona",6/19/2017,1997,alignprobiotics.com
ALLE,Allegion,Industrials,Building Products,"New York City, New York",12/2/2013,1908,allegion.com
LNT,Alliant Energy,Utilities,Electric Utilities,"Madison, Wisconsin",7/1/2016,1917,alliantenergy.com
ALL,Allstate,Financials,Property & Casualty Insurance,"Northfield Township, Illinois",7/13/1995,1931,allstate.com
GOOGL,Alphabet Inc. (Class A),Communication Services,Interactive Media & Services,"Mountain View, California",4/3/2014,1998,abc.xyz
GOOG,Alphabet Inc. (Class C),Communication Services,Interactive Media & Services,"Mountain View, California",4/3/2006,1998,abc.xyz
MO,Altria,Consumer Staples,Tobacco,"Richmond, Virginia",3/4/1957,1985,altria.com
AMZN,Amazon,Consumer Discretionary,Internet & Direct Marketing Retail,"Seattle, Washington",11/18/2005,1994,amazon.com
AMCR,Amcor,Materials,Paper Packaging,"Warmley, Bristol, United Kingdom",6/7/2019,2019 (1860),amcorinc.com
AMD,AMD,Information Technology,Semiconductors,"Santa Clara, California",3/20/2017,1969,amd.com
AEE,Ameren,Utilities,Multi-Utilities,"St. Louis, Missouri",9/19/1991,1902,ameren.com
AAL,American Airlines Group,Industrials,Airlines,"Fort Worth, Texas",3/23/2015,1934,aa.com
AEP,American Electric Power,Utilities,Electric Utilities,"Columbus, Ohio",3/4/1957,1906,aep.com
AXP,American Express,Financials,Consumer Finance,"New York City, New York",6/30/1976,1850,americanexpress.com
AIG,American International Group,Financials,Property & Casualty Insurance,"New York City, New York",3/31/1980,1919,aig.com
AMT,American Tower,Real Estate,Specialized REITs,"Boston, Massachusetts",11/19/2007,1995,americantower.com
AWK,American Water Works,Utilities,Water Utilities,"Camden, New Jersey",3/4/2016,1886,awwa.org
AMP,Ameriprise Financial,Financials,Asset Management & Custody Banks,"Minneapolis, Minnesota",10/3/2005,1894,ameriprise.com
ABC,AmerisourceBergen,Health Care,Health Care Distributors,"Conshohocken, Pennsylvania",8/30/2001,1985,amerisourcebergen.com
AME,Ametek,Industrials,Electrical Components & Equipment,"Berwyn, Pennsylvania",9/23/2013,1930,ametek.com
AMGN,Amgen,Health Care,Biotechnology,"Thousand Oaks, California",1/2/1992,1980,amgen.com
APH,Amphenol,Information Technology,Electronic Components,"Wallingford, Connecticut",9/30/2008,1932,amphenol.com/
ADI,Analog Devices,Information Technology,Semiconductors,"Wilmington, Massachusetts",10/12/1999,1965,analog.com
ANSS,Ansys,Information Technology,Application Software,"Canonsburg, Pennsylvania",6/19/2017,1969,ansys.com
AON,Aon,Financials,Insurance Brokers,"London, UK",4/23/1996,1982 (1919),aon.com
APA,APA Corporation,Energy,Oil & Gas Exploration & Production,"Houston, Texas",7/28/1997,1954,apacorp.com
AAPL,Apple Inc.,Information Technology,"Technology Hardware, Storage & Peripherals","Cupertino, California",11/30/1982,1977,apple.com
AMAT,Applied Materials,Information Technology,Semiconductor Equipment,"Santa Clara, California",3/16/1995,1967,appliedmaterials.com
APTV,Aptiv,Consumer Discretionary,Auto Parts & Equipment,"Dublin, Ireland",12/24/2012,1994,aptiv.com
ACGL,Arch Capital Group,Financials,Reinsurance,"Hamilton, Bermuda",11/1/2022,1995,archgroup.com
ANET,Arista Networks,Information Technology,Communications Equipment,"Santa Clara, California",8/28/2018,2004,arista.com
AJG,Arthur J. Gallagher & Co.,Financials,Insurance Brokers,"Rolling Meadows, Illinois",5/31/2016,1927,ajg.com
AIZ,Assurant,Financials,Multi-line Insurance,"New York City, New York",4/10/2007,1892,assurant.com
T,AT&T,Communication Services,Integrated Telecommunication Services,"Dallas, Texas",11/30/1983,1983 (1885),att.com
ATO,Atmos Energy,Utilities,Gas Utilities,"Dallas, Texas",2/15/2019,1906,atmosenergy.com
ADSK,Autodesk,Information Technology,Application Software,"San Francisco, California",12/1/1989,1982,autodesk.com
AZO,AutoZone,Consumer Discretionary,Specialty Stores,"Memphis, Tennessee",1/2/1997,1979,autozone.com
AVB,AvalonBay Communities,Real Estate,Residential REITs,"Arlington, Virginia",1/10/2007,1978,avaloncommunities.com
AVY,Avery Dennison,Materials,Paper Packaging,"Glendale, California",12/31/1987,1990,averydennison.com
BKR,Baker Hughes,Energy,Oil & Gas Equipment & Services,"Houston, Texas",7/7/2017,2017,bakerhughes.com
BALL,Ball Corporation,Materials,Metal & Glass Containers,"Broomfield, Colorado",10/31/1984,1880,ball.com
BAC,Bank of America,Financials,Diversified Banks,"Charlotte, North Carolina",6/30/1976,1998 (1923 / 1874),bankofamerica.com
BBWI,"Bath & Body Works, Inc.",Consumer Discretionary,Specialty Stores,"Columbus, Ohio",9/30/1983,1963,bathandbodyworks.com
BAX,Baxter International,Health Care,Health Care Equipment,"Deerfield, Illinois",9/30/1972,1931,baxter.com
BDX,Becton Dickinson,Health Care,Health Care Equipment,"Franklin Lakes, New Jersey",9/30/1972,1897,bd.com
WRB,Berkley,Financials,Property & Casualty Insurance,"Greenwich, Connecticut",12/5/2019,1967,berkley.com
BRK.B,Berkshire Hathaway,Financials,Multi-Sector Holdings,"Omaha, Nebraska",2/16/2010,1839,berkshirehathaway.com
BBY,Best Buy,Consumer Discretionary,Computer & Electronics Retail,"Richfield, Minnesota",6/29/1999,1966,bestbuy.com
BIO,Bio-Rad,Health Care,Life Sciences Tools & Services,"Hercules, California",6/22/2020,1952,bio-rad.com
TECH,Bio-Techne,Health Care,Life Sciences Tools & Services,"Minneapolis, Minnesota",8/30/2021,1976,bio-techne.com
BIIB,Biogen,Health Care,Biotechnology,"Cambridge, Massachusetts",11/13/2003,1978,biogen.com
BLK,BlackRock,Financials,Asset Management & Custody Banks,"New York City, New York",4/4/2011,1988,blackrock.com
BK,BNY Mellon,Financials,Asset Management & Custody Banks,"New York City, New York",3/31/1995,1784,bny.com
BA,Boeing,Industrials,Aerospace & Defense,"Chicago, Illinois",3/4/1957,1916,boeing.com
BKNG,Booking Holdings,Consumer Discretionary,Internet & Direct Marketing Retail,"Norwalk, Connecticut",11/6/2009,1996,bookingholdings.com
BWA,BorgWarner,Consumer Discretionary,Auto Parts & Equipment,"Auburn Hills, Michigan",12/19/2011,1880,borgwarner.com
BXP,Boston Properties,Real Estate,Office REITs,"Boston, Massachusetts",4/3/2006,1970,bxp.com
BSX,Boston Scientific,Health Care,Health Care Equipment,"Marlborough, Massachusetts",2/24/1995,1979,bostonscientific.com
BMY,Bristol Myers Squibb,Health Care,Pharmaceuticals,"New York City, New York",3/4/1957,1989 (1887),bms.com
AVGO,Broadcom Inc.,Information Technology,Semiconductors,"San Jose, California",5/8/2014,1961,broadcom.com
BR,Broadridge Financial Solutions,Information Technology,Data Processing & Outsourced Services,"Lake Success, New York",6/18/2018,1962,broadridge.com
BRO,Brown & Brown,Financials,Insurance Brokers,"Daytona Beach, Florida",9/20/2021,1939,bbrown.com
BF.B,BrownForman,Consumer Staples,Distillers & Vintners,"Louisville, Kentucky",10/31/1982,1870,brown-forman.com
BG,Bunge Limited,Consumer Staples,Agricultural Products,"Chesterfield, Missouri",3/15/2023,1818,bunge.com
CHRW,C.H. Robinson,Industrials,Air Freight & Logistics,"Eden Prairie, Minnesota",3/2/2007,1905,g10fulfillment.com
CDNS,Cadence Design Systems,Information Technology,Application Software,"San Jose, California",9/18/2017,1988,cadence.com
CZR,Caesars Entertainment,Consumer Discretionary,Casinos & Gaming,"Reno, Nevada",3/22/2021,1973,caesars.com
CPT,Camden Property Trust,Real Estate,Residential REITs,"Houston, Texas",4/4/2022,1981,camdenliving.com
CPB,Campbell Soup Company,Consumer Staples,Packaged Foods & Meats,"Camden, New Jersey",3/4/1957,1869,thecampbellscompany.com
COF,Capital One,Financials,Consumer Finance,"Tysons Corner, Virginia",7/1/1998,1994,capitalone.com
CAH,Cardinal Health,Health Care,Health Care Distributors,"Dublin, Ohio",5/27/1997,1971,cardinalhealth.com
KMX,CarMax,Consumer Discretionary,Automotive Retail,"Richmond, Virginia",6/28/2010,1993,carmax.com
CCL,Carnival,Consumer Discretionary,"Hotels, Resorts & Cruise Lines","Miami, Florida",12/22/1998,1972,carnival.com
CARR,Carrier Global,Industrials,Building Products,"Palm Beach Gardens, Florida",4/3/2020,2020 (1915),corporate.carrier.com
CTLT,Catalent,Health Care,Pharmaceuticals,"Somerset, New Jersey",9/21/2020,2007,catalent.com
CAT,Caterpillar Inc.,Industrials,Construction Machinery & Heavy Trucks,"Irving, Texas",3/4/1957,1925,caterpillar.com
CBOE,Cboe Global Markets,Financials,Financial Exchanges & Data,"Chicago, Illinois",3/1/2017,1973,cboe.com
CBRE,CBRE Group,Real Estate,Real Estate Services,"Dallas, Texas",11/10/2006,1906,cbre.com
CDW,CDW,Information Technology,Technology Distributors,"Lincolnshire, Illinois",9/23/2019,1984,cdw.com
CE,Celanese,Materials,Specialty Chemicals,"Irving, Texas",12/24/2018,1918,celanese.com
CNC,Centene Corporation,Health Care,Managed Health Care,"St. Louis, Missouri",3/30/2016,1984,centene.com
CNP,CenterPoint Energy,Utilities,Multi-Utilities,"Houston, Texas",7/31/1985,1882,centerpointenergy.com
CDAY,Ceridian,Information Technology,Application Software,"Minneapolis, Minnesota",9/20/2021,1992,dayforce.com
CF,CF Industries,Materials,Fertilizers & Agricultural Chemicals,"Deerfield, Illinois",8/27/2008,1946,cfindustries.com
CRL,Charles River Laboratories,Health Care,Life Sciences Tools & Services,"Wilmington, Massachusetts",5/14/2021,1947,criver.com
SCHW,Charles Schwab Corporation,Financials,Investment Banking & Brokerage,"Westlake, Texas",6/2/1997,1971,schwab.com
CHTR,Charter Communications,Communication Services,Cable & Satellite,"Stamford, Connecticut",9/8/2016,1993,corporate.charter.com
CVX,Chevron Corporation,Energy,Integrated Oil & Gas,"San Ramon, California",3/4/1957,1879,chevron.com
CMG,Chipotle Mexican Grill,Consumer Discretionary,Restaurants,"Newport Beach, California",4/28/2011,1993,chipotle.com
CB,Chubb Limited,Financials,Property & Casualty Insurance,"Zurich, Switzerland",7/15/2010,1985,chubb.com
CHD,Church & Dwight,Consumer Staples,Household Products,"Ewing, New Jersey",12/29/2015,1847,churchdwight.com
CI,Cigna,Health Care,Managed Health Care,"Bloomfield, Connecticut",6/30/1976,1982,cigna.com
CINF,Cincinnati Financial,Financials,Property & Casualty Insurance,"Fairfield, Ohio",12/18/1997,1950,cinfin.com
CTAS,Cintas,Industrials,Diversified Support Services,"Mason, Ohio",3/1/2001,1929,cintas.com
CSCO,Cisco,Information Technology,Communications Equipment,"San Jose, California",12/1/1993,1984,cisco.com
C,Citigroup,Financials,Diversified Banks,"New York City, New York",5/31/1988,1998,citigroup.com
CFG,Citizens Financial Group,Financials,Regional Banks,"Providence, Rhode Island",1/29/2016,1828,citizensbank.com
CLX,Clorox,Consumer Staples,Household Products,"Oakland, California",3/31/1969,1913,clorox.com
CME,CME Group,Financials,Financial Exchanges & Data,"Chicago, Illinois",8/11/2006,1848,cmegroup.com
CMS,CMS Energy,Utilities,Multi-Utilities,"Jackson, Michigan",3/4/1957,1886,cmsenergy.com
KO,Coca-Cola Company (The),Consumer Staples,Soft Drinks,"Atlanta, Georgia",3/4/1957,1886,coca-colacompany.com
CTSH,Cognizant,Information Technology,IT Consulting & Other Services,"Teaneck, New Jersey",11/17/2006,1994,cognizant.com
CL,Colgate-Palmolive,Consumer Staples,Household Products,"New York City, New York",3/4/1957,1806,colgatepalmolive.com
CMCSA,Comcast,Communication Services,Cable & Satellite,"Philadelphia, Pennsylvania",11/19/2002,1963,business.comcast.com
CMA,Comerica,Financials,Diversified Banks,"Dallas, Texas",12/1/1995,1849,comerica.com
CAG,Conagra Brands,Consumer Staples,Packaged Foods & Meats,"Chicago, Illinois",8/31/1983,1919,conagrabrands.com
COP,ConocoPhillips,Energy,Oil & Gas Exploration & Production,"Houston, Texas",3/4/1957,2002,conocophillips.com
ED,Consolidated Edison,Utilities,Electric Utilities,"New York City, New York",3/4/1957,1823,consolidated.com
STZ,Constellation Brands,Consumer Staples,Distillers & Vintners,"Victor, New York",7/1/2005,1945,cbrands.com
CEG,Constellation Energy,Utilities,Multi-Utilities,"Baltimore, Maryland",2/2/2022,1999,constellation.com
COO,CooperCompanies,Health Care,Health Care Supplies,"San Ramon, California",9/23/2016,1958,coopercos.com
CPRT,Copart,Industrials,Diversified Support Services,"Dallas, Texas",7/2/2018,1982,copart.com
GLW,Corning Inc.,Information Technology,Electronic Components,"Corning, New York",2/27/1995,1851,corning.com
CTVA,Corteva,Materials,Fertilizers & Agricultural Chemicals,"Indianapolis, Indiana",6/3/2019,2019,corteva.com
CSGP,CoStar Group,Industrials,Research & Consulting Services,"Washington, D.C.",9/19/2022,1987,costar.com
COST,Costco,Consumer Staples,Hypermarkets & Super Centers,"Issaquah, Washington",10/1/1993,1976,investor.costco.com
CTRA,Coterra,Energy,Oil & Gas Exploration & Production,"Houston, Texas",6/23/2008,2021 (1989),coterra.com
CCI,Crown Castle,Real Estate,Specialized REITs,"Houston, Texas",3/14/2012,1994,gcrowncastle.com
CSX,CSX,Industrials,Railroads,"Jacksonville, Florida",3/4/1957,1980,csx.com
CMI,Cummins,Industrials,Industrial Machinery,"Columbus, Indiana",3/31/1965,1919,cummins.com
CVS,CVS Health,Health Care,Health Care Services,"Woonsocket, Rhode Island",3/4/1957,1996,cvshealth.com
DHI,D.R. Horton,Consumer Discretionary,Homebuilding,"Arlington, Texas",6/22/2005,1978,drhorton.com
DHR,Danaher Corporation,Health Care,Health Care Equipment,"Washington, D.C.",11/18/1998,1969,danaher.com
DRI,Darden Restaurants,Consumer Discretionary,Restaurants,"Orlando, Florida",5/31/1995,1938,darden.com
DVA,DaVita Inc.,Health Care,Health Care Facilities,"Denver, Colorado",7/31/2008,1979,davita.com
DE,John Deere,Industrials,Agricultural & Farm Machinery,"Moline, Illinois",3/4/1957,1837,deere.com
DAL,Delta Air Lines,Industrials,Airlines,"Atlanta, Georgia",9/11/2013,1929,delta.com
XRAY,Dentsply Sirona,Health Care,Health Care Supplies,"Charlotte, North Carolina",11/14/2008,2016 (1969),dentsplysirona.com
DVN,Devon Energy,Energy,Oil & Gas Exploration & Production,"Oklahoma City, Oklahoma",8/30/2000,1971,devonenergy.com
DXCM,Dexcom,Health Care,Health Care Equipment,"San Diego, California",5/12/2020,1999,dexcom.com
FANG,Diamondback Energy,Energy,Oil & Gas Exploration & Production,"Midland, Texas",12/3/2018,2007,ir.diamondbackenergy.com
DLR,Digital Realty,Real Estate,Specialized REITs,"Austin, Texas",5/18/2016,2004,digitalrealty.com
DFS,Discover Financial,Financials,Consumer Finance,"Riverwoods, Illinois",7/2/2007,1985,discover.com
DISH,Dish Network,Communication Services,Cable & Satellite,"Meridian, Colorado",3/13/2017,1980,dish.com
DIS,Disney,Communication Services,Movies & Entertainment,"Burbank, California",6/30/1976,1923,disney.com
DG,Dollar General,Consumer Discretionary,General Merchandise Stores,"Goodlettsville, Tennessee",12/3/2012,1939,dollargeneral.com
DLTR,Dollar Tree,Consumer Discretionary,General Merchandise Stores,"Chesapeake, Virginia",12/19/2011,1986,dollartree.com
D,Dominion Energy,Utilities,Electric Utilities,"Richmond, Virginia",,1983,dominionenergy.com
DPZ,Domino's,Consumer Discretionary,Restaurants,"Ann Arbor, Michigan",5/12/2020,1960,dominos.co.in
DOV,Dover Corporation,Industrials,Industrial Machinery,"Downers Grove, Illinois",10/31/1985,1955,dovercorporation.com
DOW,Dow Inc.,Materials,Commodity Chemicals,"Midland, Michigan",4/1/2019,2019,dow.com
DTE,DTE Energy,Utilities,Multi-Utilities,"Detroit, Michigan",3/4/1957,1995,dteenergy.com
DUK,Duke Energy,Utilities,Electric Utilities,"Charlotte, North Carolina",6/30/1976,1904,duke-energy.com
DD,DuPont,Materials,Specialty Chemicals,"Wilmington, Delaware",4/2/2019,2017,dupont.com
DXC,DXC Technology,Information Technology,IT Consulting & Other Services,"Tysons Corner, Virginia",4/4/2017,2017,dxc.com
EMN,Eastman Chemical Company,Materials,Diversified Chemicals,"Kingsport, Tennessee",1/1/1994,1920,eastman.com
ETN,Eaton Corporation,Industrials,Electrical Components & Equipment,"Dublin, Ireland",3/4/1957,1911,eaton.com
EBAY,eBay,Consumer Discretionary,Internet & Direct Marketing Retail,"San Jose, California",7/22/2002,1995,ebay.com
ECL,Ecolab,Materials,Specialty Chemicals,"Saint Paul, Minnesota",1/31/1989,1923,ecolab.com
EIX,Edison International,Utilities,Electric Utilities,"Rosemead, California",3/4/1957,1886,edison.com
EW,Edwards Lifesciences,Health Care,Health Care Equipment,"Irvine, California",4/1/2011,1958,edwards.com
EA,Electronic Arts,Communication Services,Interactive Home Entertainment,"Redwood City, California",7/22/2002,1982,ea.com
ELV,Elevance Health,Health Care,Managed Health Care,"Indianapolis, Indiana",7/25/2002,2014 (1946),elevancehealth.com
LLY,Eli Lilly and Company,Health Care,Pharmaceuticals,"Indianapolis, Indiana",12/31/1970,1876,lilly.com
EMR,Emerson Electric,Industrials,Electrical Components & Equipment,"Ferguson, Missouri",3/31/1965,1890,emerson.com
ENPH,Enphase,Information Technology,Electronic Components,"Fremont, California",1/7/2021,2006,enphase.com
ETR,Entergy,Utilities,Electric Utilities,"New Orleans, Louisiana",3/4/1957,1913,entergy.com
EOG,EOG Resources,Energy,Oil & Gas Exploration & Production,"Houston, Texas",11/2/2000,1999,eogresources.com
EPAM,EPAM Systems,Information Technology,IT Consulting & Other Services,"Newtown, Pennsylvania",12/14/2021,1993,epam.com
EQT,EQT,Energy,Oil & Gas Exploration & Production,"Pittsburgh, Pennsylvania",10/3/2022,1888,eqt.com
EFX,Equifax,Industrials,Research & Consulting Services,"Atlanta, Georgia",6/19/1997,1899,equifax.com
EQIX,Equinix,Real Estate,Specialized REITs,"Redwood City, California",3/20/2015,1998,equinix.com
EQR,Equity Residential,Real Estate,Residential REITs,"Chicago, Illinois",12/3/2001,1969,equityapartments.com
ESS,Essex Property Trust,Real Estate,Residential REITs,"San Mateo, California",4/2/2014,1971,essexapartmenthomes.com
EL,Est?e Lauder Companies (The),Consumer Staples,Personal Products,"New York City, New York",1/5/2006,1946,elcompanies.com
ETSY,Etsy,Consumer Discretionary,Internet & Direct Marketing Retail,"New York City, New York",9/21/2020,2005,etsy.com
RE,Everest Re,Financials,Reinsurance,"Hamilton, Bermuda",6/19/2017,1973,everestglobal.com
EVRG,Evergy,Utilities,Electric Utilities,"Kansas City, Missouri",6/5/2018,1909,evergy.com
ES,Eversource,Utilities,Multi-Utilities,"Hartford, Connecticut",2009,1966,eversource.com
EXC,Exelon,Utilities,Multi-Utilities,"Chicago, Illinois",3/4/1957,2000,exeloncorp.com
EXPE,Expedia Group,Consumer Discretionary,Internet & Direct Marketing Retail,"Seattle, Washington",10/2/2007,1996,expediagroup.com
EXPD,Expeditors International,Industrials,Air Freight & Logistics,"Seattle, Washington",10/10/2007,1979,expeditors.com
EXR,Extra Space Storage,Real Estate,Specialized REITs,"Salt Lake City, Utah",1/19/2016,1977,extraspace.com
XOM,ExxonMobil,Energy,Integrated Oil & Gas,"Irving, Texas",3/4/1957,1999,exxonmobil.com
FFIV,"F5, Inc.",Information Technology,Communications Equipment,"Seattle, Washington",12/20/2010,1996,f5.com
FDS,FactSet,Financials,Financial Exchanges & Data,"Norwalk, Connecticut",12/20/2021,1978,factset.com
FAST,Fastenal,Industrials,Building Products,"Winona, Minnesota",9/15/2008,1967,investor.fastenal.com
FRT,Federal Realty,Real Estate,Retail REITs,"Rockville, Maryland",2/1/2016,1962,federalrealty.com
FDX,FedEx,Industrials,Air Freight & Logistics,"Memphis, Tennessee",12/31/1980,1971,fedex.com
FITB,Fifth Third Bank,Financials,Regional Banks,"Cincinnati, Ohio",3/29/1996,1858,53.com
FRC,First Republic Bank,Financials,Regional Banks,"San Francisco, California",1/2/2019,1985,firstrepublic.com
FSLR,First Solar,Information Technology,Semiconductors,"Tempe, Arizona",12/19/2022,1999,firstsolar.com
FE,FirstEnergy,Utilities,Electric Utilities,"Akron, Ohio",11/28/1997,1997,firstenergycorp.com
FIS,FIS,Information Technology,Data Processing & Outsourced Services,"Jacksonville, Florida",11/10/2006,1968,fisglobal.com
FISV,Fiserv,Information Technology,Data Processing & Outsourced Services,"Brookfield, Wisconsin",4/2/2001,1984,fiserv.com
FLT,Fleetcor,Information Technology,Data Processing & Outsourced Services,"Atlanta, Georgia",6/20/2018,2000,fleetcor.com
FMC,FMC Corporation,Materials,Fertilizers & Agricultural Chemicals,"Philadelphia, Pennsylvania",8/19/2009,1883,fmc.com
F,Ford Motor Company,Consumer Discretionary,Automobile Manufacturers,"Dearborn, Michigan",3/4/1957,1903,ford.com
FTNT,Fortinet,Information Technology,Systems Software,"Sunnyvale, California",10/11/2018,2000,fortinet.com
FTV,Fortive,Industrials,Industrial Machinery,"Everett, Washington",7/1/2016,2016,fortive.com
FOXA,Fox Corporation (Class A),Communication Services,Movies & Entertainment,"New York City, New York",7/1/2013,2019,foxcorporation.com
FOX,Fox Corporation (Class B),Communication Services,Movies & Entertainment,"New York City, New York",9/18/2015,2019,investor.foxcorporation.com
BEN,Franklin Templeton,Financials,Asset Management & Custody Banks,"San Mateo, California",4/30/1998,1947,franklintempleton.com.au
FCX,Freeport-McMoRan,Materials,Copper,"Phoenix, Arizona",,1912,fcx.com
GRMN,Garmin,Consumer Discretionary,Consumer Electronics,"Schaffhausen, Switzerland",12/12/2012,1989,garmin.com
IT,Gartner,Information Technology,IT Consulting & Other Services,"Stamford, Connecticut",4/5/2017,1979,gartner.com
GEHC,GE HealthCare,Health Care,Health Care Technology,"Chicago, Illinois",1/4/2023,1994,gehealthcare.com
GEN,Gen Digital,Information Technology,Application Software,"Tempe, Arizona",3/25/2003,1982,gendigital.com
GNRC,Generac,Industrials,Electrical Components & Equipment,"Waukesha, Wisconsin",3/22/2021,1959,generac.com
GD,General Dynamics,Industrials,Aerospace & Defense,"Falls Church, Virginia",3/4/1957,1899,gd.com
GE,General Electric,Industrials,Industrial Conglomerates,"Boston, Massachusetts",3/4/1957,1892,ge.com
GIS,General Mills,Consumer Staples,Packaged Foods & Meats,"Golden Valley, Minnesota",3/4/1957,1856,generalmills.com
GM,General Motors,Consumer Discretionary,Automobile Manufacturers,"Detroit, Michigan",6/6/2013,1908,gm.com
GPC,Genuine Parts Company,Consumer Discretionary,Specialty Stores,"Atlanta, Georgia",12/31/1973,1925,genpt.com
GILD,Gilead Sciences,Health Care,Biotechnology,"Foster City, California",7/1/2004,1987,gilead.com
GL,Globe Life,Financials,Life & Health Insurance,"McKinney, Texas",4/30/1989,1900,globelifeinsurance.com
GPN,Global Payments,Information Technology,Data Processing & Outsourced Services,"Atlanta, Georgia",4/25/2016,2000,globalpayments.com
GS,Goldman Sachs,Financials,Investment Banking & Brokerage,"New York City, New York",7/22/2002,1869,goldmansachs.com
HAL,Halliburton,Energy,Oil & Gas Equipment & Services,"Houston, Texas",3/4/1957,1919,halliburton.com
HIG,Hartford (The),Financials,Property & Casualty Insurance,"Hartford, Connecticut",3/4/1957,1810,thehartford.com
HAS,Hasbro,Consumer Discretionary,Leisure Products,"Pawtucket, Rhode Island",9/30/1984,1923,hasbro.com
HCA,HCA Healthcare,Health Care,Health Care Facilities,"Nashville, Tennessee",1/27/2015,1968,hcahealthcare.com
PEAK,Healthpeak,Real Estate,Health Care REITs,"Long Beach, California",3/31/2008,1985,healthpeak.com
HSIC,Henry Schein,Health Care,Health Care Distributors,"Melville, New York",3/17/2015,1932,henryschein.com
HSY,Hershey's,Consumer Staples,Packaged Foods & Meats,"Hershey, Pennsylvania",3/4/1957,1894,thehersheycompany.com
HES,Hess Corporation,Energy,Integrated Oil & Gas,"New York City, New York",5/31/1984,1919,hess.com
HPE,Hewlett Packard Enterprise,Information Technology,"Technology Hardware, Storage & Peripherals","Houston, Texas",11/2/2015,2015,hewlett.org
HLT,Hilton Worldwide,Consumer Discretionary,"Hotels, Resorts & Cruise Lines","Tysons Corner, Virginia",6/19/2017,1919,hilton.com
HOLX,Hologic,Health Care,Health Care Equipment,"Marlborough, Massachusetts",3/30/2016,1985,hologic.com
HD,Home Depot (The),Consumer Discretionary,Home Improvement Retail,"Atlanta, Georgia",3/31/1988,1978,corporate.homedepot.com/page/about-us
HON,Honeywell,Industrials,Industrial Conglomerates,"Charlotte, North Carolina",3/4/1957,1906,honeywell.com
HRL,Hormel Foods,Consumer Staples,Packaged Foods & Meats,"Austin, Minnesota",3/4/2009,1891,hormelfoods.com
HST,Host Hotels & Resorts,Real Estate,Hotel & Resort REITs,"Bethesda, Maryland",3/20/2007,1993,hosthotels.com
HWM,Howmet Aerospace,Industrials,Aerospace & Defense,"Pittsburgh, Pennsylvania",3/4/1957,2016,howmet.com
HPQ,HP Inc.,Information Technology,"Technology Hardware, Storage & Peripherals","Palo Alto, California",12/31/1974,1939 (2015),hp.com
HUM,Humana,Health Care,Managed Health Care,"Louisville, Kentucky",,1961,humana.com
HBAN,Huntington Bancshares,Financials,Regional Banks,"Columbus, Ohio; Detroit, Michigan",8/28/1997,1866,huntington.com
HII,Huntington Ingalls Industries,Industrials,Aerospace & Defense,"Newport News, Virginia",1/3/2018,2011,huntington.com
IBM,IBM,Information Technology,IT Consulting & Other Services,"Armonk, New York",3/4/1957,1911,ibm.com
IEX,IDEX Corporation,Industrials,Industrial Machinery,"Lake Forest, Illinois",8/9/2019,1988,idexcorp.com
IDXX,Idexx Laboratories,Health Care,Health Care Equipment,"Westbrook, Maine",1/5/2017,1983,eurovetsworld.com
ITW,Illinois Tool Works,Industrials,Industrial Machinery,"Glenview, Illinois",2/28/1986,1912,itwbuildex.com
ILMN,Illumina,Health Care,Life Sciences Tools & Services,"San Diego, California",11/19/2015,1998,illumina.com
INCY,Incyte,Health Care,Biotechnology,"Wilmington, Delaware",2/28/2017,1991,inquirer.com
IR,Ingersoll Rand,Industrials,Industrial Machinery,"Davidson, North Carolina",3/3/2020,1859,ingersollrand.com
PODD,Insulet,Health Care,Health Care Equipment,"Acton, Massachusetts",3/15/2023,2000,insulet.com
INTC,Intel,Information Technology,Semiconductors,"Santa Clara, California",12/31/1976,1968,intel.com
ICE,Intercontinental Exchange,Financials,Financial Exchanges & Data,"Atlanta, Georgia",9/26/2007,2000,theice.com
IFF,International Flavors & Fragrances,Materials,Specialty Chemicals,"New York City, New York",3/31/1976,1958 (1889),powderbulksolids.com
IP,International Paper,Materials,Paper Packaging,"Memphis, Tennessee",3/4/1957,1898,cee-trust.org
IPG,Interpublic Group of Companies (The),Communication Services,Advertising,"New York City, New York",10/1/1992,1961 (1930),worldofsolitaire.com
INTU,Intuit,Information Technology,Application Software,"Mountain View, California",12/5/2000,1983,intuit.com
ISRG,Intuitive Surgical,Health Care,Health Care Equipment,"Sunnyvale, California",6/2/2008,1995,intuitive.com
IVZ,Invesco,Financials,Asset Management & Custody Banks,"Atlanta, Georgia",8/21/2008,1935,invesco.com
INVH,Invitation Homes,Real Estate,Residential REITs,"Dallas, Texas",9/19/2022,2012,invitationhomes.com
IQV,IQVIA,Health Care,Life Sciences Tools & Services,"Durham, North Carolina",8/29/2017,1982,iqvia.com
IRM,Iron Mountain,Real Estate,Specialized REITs,"Boston, Massachusetts",1/6/2009,1951,townapedia.com
JBHT,J.B. Hunt,Industrials,Trucking,"Lowell, Arkansas",7/1/2015,1961,job-applications.com
JKHY,Jack Henry & Associates,Information Technology,Data Processing & Outsourced Services,"Monett, Missouri",11/13/2018,1976,jackhenry.com
J,Jacobs Solutions,Industrials,Construction & Engineering,"Dallas, Texas",10/26/2007,1947,bladeforums.com
JNJ,Johnson & Johnson,Health Care,Pharmaceuticals,"New Brunswick, New Jersey",6/30/1973,1886,jnj.com
JCI,Johnson Controls,Industrials,Building Products,"Cork, Ireland",8/27/2010,1885,johnsoncontrols.com
JPM,JPMorgan Chase,Financials,Diversified Banks,"New York City, New York",6/30/1975,2000 (1799 / 1871),jpmorganchase.com
JNPR,Juniper Networks,Information Technology,Communications Equipment,"Sunnyvale, California",6/2/2006,1996,juniper.net
K,Kellogg's,Consumer Staples,Packaged Foods & Meats,"Battle Creek, Michigan",9/11/1989,1906,stephenkellogg.com
KDP,Keurig Dr Pepper,Consumer Staples,Soft Drinks,"Burlington, Massachusetts",6/21/2022,1981,companylogos.org
KEY,KeyCorp,Financials,Regional Banks,"Cleveland, Ohio",3/1/1994,1825,marketbeat.com
KEYS,Keysight,Information Technology,Electronic Equipment & Instruments,"Santa Rosa, California",11/6/2018,2014 (1939),jumpwhere.com
KMB,Kimberly-Clark,Consumer Staples,Household Products,"Irving, Texas",3/4/1957,1872,kimberly-clark.com
KIM,Kimco Realty,Real Estate,Retail REITs,"New Hyde Park, New York",4/4/2006,1958,kimcorealty.com
KMI,Kinder Morgan,Energy,Oil & Gas Storage & Transportation,"Houston, Texas",5/25/2012,1997,kindermorgan.com
KLAC,KLA Corporation,Information Technology,Semiconductor Equipment,"Milpitas, California",9/30/1997,1975/1977 (1997),kla.com
KHC,Kraft Heinz,Consumer Staples,Packaged Foods & Meats,"Chicago, Illinois; Pittsburgh, Pennsylvania",7/6/2015,2015 (1869),kraftheinz.com
KR,Kroger,Consumer Staples,Food Retail,"Cincinnati, Ohio",3/4/1957,1883,kroger.com
LHX,L3Harris,Industrials,Aerospace & Defense,"Melbourne, Florida",9/22/2008,2019 (1895),thomasnet.com
LH,LabCorp,Health Care,Health Care Services,"Burlington, North Carolina",11/1/2004,1978,labcorp.com
LRCX,Lam Research,Information Technology,Semiconductor Equipment,"Fremont, California",6/29/2012,1980,jumpwhere.com
LW,Lamb Weston,Consumer Staples,Packaged Foods & Meats,"Eagle, Idaho",12/3/2018,2016 (1950),lambweston.com
LVS,Las Vegas Sands,Consumer Discretionary,Casinos & Gaming,"Las Vegas, Nevada",10/3/2019,1988,sands.com
LDOS,Leidos,Industrials,Diversified Support Services,"Reston, Virginia",8/9/2019,1969,leidos.com
LEN,Lennar,Consumer Discretionary,Homebuilding,"Miami, Florida",10/4/2005,1954,lennar.com
LNC,Lincoln Financial,Financials,Multi-line Insurance,"Radnor, Pennsylvania",6/30/1976,1905,lincolnfinancial.com
LIN,Linde plc,Materials,Industrial Gases,"Guildford, United Kingdom",7/1/1992,1879,alphastreet.com
LYV,Live Nation Entertainment,Communication Services,Movies & Entertainment,"Beverly Hills, California",12/23/2019,2010,microsoftlive.com
LKQ,LKQ Corporation,Consumer Discretionary,Distributors,"Chicago, Illinois",5/23/2016,1998,lkqonline.com
LMT,Lockheed Martin,Industrials,Aerospace & Defense,"Bethesda, Maryland",3/4/1957,1995,ipaddress.com
L,Loews Corporation,Financials,Multi-line Insurance,"New York City, New York",5/31/1995,1959,loews.com
LOW,Lowe's,Consumer Discretionary,Home Improvement Retail,"Mooresville, North Carolina",2/29/1984,1904/1946/1959,lowes.com
LUMN,Lumen Technologies,Communication Services,Alternative Carriers,"Monroe, Louisiana",3/25/1999,1983 (1877),lumen.com
LYB,LyondellBasell,Materials,Specialty Chemicals,"Rotterdam, Netherlands",9/5/2012,2007,grist.org
MTB,M&T Bank,Financials,Regional Banks,"Buffalo, New York",2/23/2004,1856,mtb.com
MRO,Marathon Oil,Energy,Oil & Gas Exploration & Production,"Houston, Texas",3/4/1957,1887,marathon.com
MPC,Marathon Petroleum,Energy,Oil & Gas Refining & Marketing,"Findlay, Ohio",7/1/2011,2009 (1887),marathonpetroleum.com
MKTX,MarketAxess,Financials,Financial Exchanges & Data,"New York City, New York",7/1/2019,2000,marketaxess.com
MAR,Marriott International,Consumer Discretionary,"Hotels, Resorts & Cruise Lines","Bethesda, Maryland",5/29/1998,1927,marriott.com
MMC,Marsh McLennan,Financials,Insurance Brokers,"New York City, New York",8/31/1987,1905,marsh.com
MLM,Martin Marietta Materials,Materials,Construction Materials,"Raleigh, North Carolina",7/2/2014,1993,martinmarietta.com
MAS,Masco,Industrials,Building Products,"Livonia, Michigan",6/30/1981,1929,masco.com
MA,Mastercard,Information Technology,Data Processing & Outsourced Services,"Harrison, New York",7/18/2008,1966,mastercard.com
MTCH,Match Group,Communication Services,Interactive Media & Services,"Dallas, Texas",9/20/2021,1986,match.com
MKC,McCormick & Company,Consumer Staples,Packaged Foods & Meats,"Hunt Valley, Maryland",3/20/2003,1889,mccormick.com
MCD,McDonald's,Consumer Discretionary,Restaurants,"Chicago, Illinois",6/30/1970,1940,mcdonalds.com
MCK,McKesson,Health Care,Health Care Distributors,"Irving, Texas",1/13/1999,1833,mckesson.com
MDT,Medtronic,Health Care,Health Care Equipment,"Dublin, Ireland",10/31/1986,1949,medtronic.com
MRK,Merck & Co.,Health Care,Pharmaceuticals,"Kenilworth, New Jersey",3/4/1957,1891,merck.com
META,Meta Platforms,Communication Services,Interactive Media & Services,"Menlo Park, California",12/23/2013,2004,speedwellresearch.com
MET,MetLife,Financials,Life & Health Insurance,"New York City, New York",12/11/2000,1868,metlife.com
MTD,Mettler Toledo,Health Care,Life Sciences Tools & Services,"Columbus, Ohio",9/6/2016,1945,hhlink.com
MGM,MGM Resorts,Consumer Discretionary,Casinos & Gaming,"Paradise, Nevada",7/26/2017,1986,mgmresorts.com
MCHP,Microchip Technology,Information Technology,Semiconductors,"Chandler, Arizona",9/7/2007,1989,microchip.com
MU,Micron Technology,Information Technology,Semiconductors,"Boise, Idaho",9/27/1994,1978,micron.com
MSFT,Microsoft,Information Technology,Systems Software,"Redmond, Washington",6/1/1994,1975,redmondpie.com
MAA,Mid-America Apartment Communities,Real Estate,Residential REITs,"Memphis, Tennessee",12/2/2016,1977,investorshangout.com
MRNA,Moderna,Health Care,Biotechnology,"Cambridge, Massachusetts",7/21/2021,2010,modernatx.com
MHK,Mohawk Industries,Consumer Discretionary,Home Furnishings,"Calhoun, Georgia",12/23/2013,1878,mohawkind.com
MOH,Molina Healthcare,Health Care,Managed Health Care,"Long Beach, California",3/2/2022,1980,molinahealthcare.com
TAP,Molson Coors Beverage Company,Consumer Staples,Brewers,"Chicago, Illinois",6/30/1976,"2005 (Molson 1786, Coors 1873)",molsoncoors.com
MDLZ,Mondelez International,Consumer Staples,Packaged Foods & Meats,"Chicago, Illinois",10/2/2012,2012,mondelezinternational.com
MPWR,Monolithic Power Systems,Information Technology,Semiconductors,"Kirkland, Washington",2/12/2021,1997,monolithicpower.com
MNST,Monster Beverage,Consumer Staples,Soft Drinks,"Corona, California",6/28/2012,2012 (1935),monsterenergy.com
MCO,Moody's Corporation,Financials,Financial Exchanges & Data,"New York City, New York",7/1/1998,1909,moodys.com
MS,Morgan Stanley,Financials,Investment Banking & Brokerage,"New York City, New York",7/29/1993,1935,morganstanley.com
MOS,Mosaic Company (The),Materials,Fertilizers & Agricultural Chemicals,"Tampa, Florida",9/26/2011,2004 (1865 / 1909),joinmosaic.com
MSI,Motorola Solutions,Information Technology,Communications Equipment,"Chicago, Illinois",3/4/1957,1928 (2011),motorolasolutions.com
MSCI,MSCI,Financials,Financial Exchanges & Data,"New York City, New York",4/4/2018,1969,msci.com
NDAQ,"Nasdaq, Inc.",Financials,Financial Exchanges & Data,"New York City, New York",10/22/2008,1971,nasdaq.com
NTAP,NetApp,Information Technology,"Technology Hardware, Storage & Peripherals","San Jose, California",6/25/1999,1992,netapp.com
NFLX,Netflix,Communication Services,Movies & Entertainment,"Los Gatos, California",12/20/2010,1997,netflix.com
NWL,Newell Brands,Consumer Discretionary,Housewares & Specialties,"Atlanta, Georgia",4/30/1989,1903,newellbrands.com
NEM,Newmont,Materials,Gold,"Denver, Colorado",6/30/1969,1921,marketbeat.com
NWSA,News Corp (Class A),Communication Services,Publishing,"New York City, New York",8/1/2013,2013 (1980),newscorp.com
NWS,News Corp (Class B),Communication Services,Publishing,"New York City, New York",9/18/2015,2013 (1980),newscorp.com
NEE,NextEra Energy,Utilities,Multi-Utilities,"Juno Beach, Florida",6/30/1976,1984 (1925),nexteraenergy.com
NKE,"Nike, Inc.",Consumer Discretionary,"Apparel, Accessories & Luxury Goods","Washington County, Oregon",11/30/1988,1964,nike.com
NI,NiSource,Utilities,Multi-Utilities,"Merrillville, Indiana",11/2/2000,1912,powermag.com
NDSN,Nordson Corporation,Industrials,Industrial Machinery,"Westlake, Ohio",2/15/2022,1935,nordson.com
NSC,Norfolk Southern Railway,Industrials,Railroads,"Atlanta, Georgia",3/4/1957,1881/1894 (1980),norfolksouthern.com
NTRS,Northern Trust,Financials,Asset Management & Custody Banks,"Chicago, Illinois",1/30/1998,1889,city-data.com
NOC,Northrop Grumman,Industrials,Aerospace & Defense,"West Falls Church, Virginia",3/4/1957,"1994 (Northrop 1939, Grumman 1930)",northropgrumman.com
NCLH,Norwegian Cruise Line Holdings,Consumer Discretionary,"Hotels, Resorts & Cruise Lines","Miami, Florida",10/13/2017,2011 (1966),nclhltd.com
NRG,NRG Energy,Utilities,Independent Power Producers & Energy Traders,"Houston, Texas",1/29/2010,1992,nrg.com
NUE,Nucor,Materials,Steel,"Charlotte, North Carolina",4/30/1985,1940,nucor.com
NVDA,Nvidia,Information Technology,Semiconductors,"Santa Clara, California",11/30/2001,1993,nvidia.com
NVR,"NVR, Inc.",Consumer Discretionary,Homebuilding,"Reston, Virginia",9/26/2019,1980,nvrinc.com
NXPI,NXP Semiconductors,Information Technology,Semiconductors,"Eindhoven, Netherlands",3/22/2021,1953,nxp.com
ORLY,O'Reilly Auto Parts,Consumer Discretionary,Specialty Stores,"Springfield, Missouri",3/27/2009,1957,oreillyauto.com
OXY,Occidental Petroleum,Energy,Oil & Gas Exploration & Production,"Houston, Texas",3/4/1957,1920,daconoco.gov
ODFL,Old Dominion,Industrials,Trucking,"Thomasville, North Carolina",12/9/2019,1934,gap.com
OMC,Omnicom Group,Communication Services,Advertising,"New York City, New York",12/31/1997,1986,omnicomgroup.com
ON,ON Semiconductor,Information Technology,Semiconductors,"Phoenix, Arizona",6/21/2022,1999,onsemi.com
OKE,ONEOK,Energy,Oil & Gas Storage & Transportation,"Tulsa, Oklahoma",3/15/2010,1906,oneok.com
ORCL,Oracle Corporation,Information Technology,Application Software,"Austin, Texas",8/31/1989,1977,oracle.com
OGN,Organon & Co.,Health Care,Pharmaceuticals,"Jersey City, New Jersey",6/3/2021,2021,organon.com
OTIS,Otis Worldwide,Industrials,Industrial Machinery,"Farmington, Connecticut",4/3/2020,2020 (1853),otis.com
PCAR,Paccar,Industrials,Construction Machinery & Heavy Trucks,"Bellevue, Washington",12/31/1980,1905,paccar.com
PKG,Packaging Corporation of America,Materials,Paper Packaging,"Lake Forest, Illinois",7/26/2017,1959,containerandpackaging.com
PARA,Paramount Global,Communication Services,Movies & Entertainment,"New York City, New York",9/30/1994,2019 (1952),paramountplus.com
PH,Parker Hannifin,Industrials,Industrial Machinery,"Cleveland, Ohio",11/30/1985,1917,parker.com
PAYX,Paychex,Information Technology,Data Processing & Outsourced Services,"Penfield, New York",10/1/1998,1971,paychex.com
PAYC,Paycom,Information Technology,Application Software,"Oklahoma City, Oklahoma",1/28/2020,1998,paycom.com
PYPL,PayPal,Information Technology,Data Processing & Outsourced Services,"San Jose, California",7/20/2015,1998,paypal.com
PNR,Pentair,Industrials,Industrial Machinery,"Worsley, United Kingdom",10/1/2012,1966,pentair.com
PEP,PepsiCo,Consumer Staples,Soft Drinks,"Purchase, New York",3/4/1957,1898,pepsico.com
PKI,PerkinElmer,Health Care,Health Care Equipment,"Waltham, Massachusetts",5/31/1985,1937,perkinelmer.com
PFE,Pfizer,Health Care,Pharmaceuticals,"New York City, New York",3/4/1957,1849,pfizer.com
PCG,PG&E Corporation,Utilities,Multi-Utilities,"San Francisco, California",10/3/2022,1905,ase.org
PM,Philip Morris International,Consumer Staples,Tobacco,"New York City, New York",3/31/2008,2008 (1847),philips.com
PSX,Phillips 66,Energy,Oil & Gas Refining & Marketing,"Houston, Texas",5/1/2012,2012 (1917),suse.com
PNW,Pinnacle West,Utilities,Multi-Utilities,"Phoenix, Arizona",10/4/1999,1985,pinnaclebank.com
PXD,Pioneer Natural Resources,Energy,Oil & Gas Exploration & Production,"Irving, Texas",9/24/2008,1997,pxd.com
PNC,PNC Financial Services,Financials,Regional Banks,"Pittsburgh, Pennsylvania",4/30/1988,1845,pnc.com
POOL,Pool Corporation,Consumer Discretionary,Distributors,"Covington, Louisiana",10/7/2020,1993,poolcorp.com
PPG,PPG Industries,Materials,Specialty Chemicals,"Pittsburgh, Pennsylvania",3/4/1957,1883,ppg.com
PPL,PPL Corporation,Utilities,Electric Utilities,"Allentown, Pennsylvania",10/1/2001,1920,pplmotorhomes.com
PFG,Principal Financial Group,Financials,Life & Health Insurance,"Des Moines, Iowa",7/22/2002,1879,principal.com
PG,Procter & Gamble,Consumer Staples,Personal Products,"Cincinnati, Ohio",3/4/1957,1837,studyscanner.com
PGR,Progressive Corporation,Financials,Property & Casualty Insurance,"Mayfield Village, Ohio",8/4/1997,1937,progressiveagent.com
PLD,Prologis,Real Estate,Industrial REITs,"San Francisco, California",7/17/2003,1983,ipaddress.com
PRU,Prudential Financial,Financials,Life & Health Insurance,"Newark, New Jersey",7/22/2002,1875,prudential.com
PEG,Public Service Enterprise Group,Utilities,Electric Utilities,"Newark, New Jersey",3/4/1957,1903,public.com
PTC,PTC,Information Technology,Application Software,"Boston, Massachusetts",4/20/2021,1985,ptcnetwork.com
PSA,Public Storage,Real Estate,Specialized REITs,"Glendale, California",8/19/2005,1972,public.com
PHM,PulteGroup,Consumer Discretionary,Homebuilding,"Atlanta, Georgia",4/30/1984,1956,patsnap.com
QRVO,Qorvo,Information Technology,Semiconductors,"Greensboro, North Carolina",6/11/2015,2015,qorvo.com
PWR,Quanta Services,Industrials,Construction & Engineering,"Houston, Texas",7/1/2009,1997,abc-directory.com
QCOM,Qualcomm,Information Technology,Semiconductors,"San Diego, California",7/22/1999,1985,zoominfo.com
DGX,Quest Diagnostics,Health Care,Health Care Services,"Secaucus, New Jersey",12/12/2002,1967,ipaddress.com
RL,Ralph Lauren Corporation,Consumer Discretionary,"Apparel, Accessories & Luxury Goods","New York City, New York",2/2/2007,1967,99corporates.com
RJF,Raymond James,Financials,Investment Banking & Brokerage,"St. Petersburg, Florida",3/20/2017,1962,raymondjames.com
RTX,Raytheon Technologies,Industrials,Aerospace & Defense,"Waltham, Massachusetts",3/4/1957,1922,executivebiz.com
O,Realty Income,Real Estate,Retail REITs,"San Diego, California",4/7/2015,1969,exprealty.com
REG,Regency Centers,Real Estate,Retail REITs,"Jacksonville, Florida",3/2/2017,1963,regency-fire.com
REGN,Regeneron,Health Care,Biotechnology,"Tarrytown, New York",5/1/2013,1988,societyforscience.org
RF,Regions Financial Corporation,Financials,Regional Banks,"Birmingham, Alabama",8/28/1998,1971,secondlife.com
RSG,Republic Services,Industrials,Environmental & Facilities Services,"Phoenix, Arizona",12/5/2008,1998 (1981),republic.com
RMD,ResMed,Health Care,Health Care Equipment,"San Diego, California",7/26/2017,1989,resmed.com
RHI,Robert Half,Industrials,Human Resource & Employment Services,"Menlo Park, California",12/5/2000,1948,roberthalf.com
ROK,Rockwell Automation,Industrials,Electrical Components & Equipment,"Milwaukee, Wisconsin",,1903,rockwellautomation.com
ROL,"Rollins, Inc.",Industrials,Environmental & Facilities Services,"Atlanta, Georgia",10/1/2018,1948,rollins.com
ROP,Roper Technologies,Information Technology,Electronic Equipment & Instruments,"Sarasota, Florida",12/23/2009,1981,home.saxo
ROST,Ross Stores,Consumer Discretionary,Apparel Retail,"Dublin, California",12/21/2009,1982,rossstores.com
RCL,Royal Caribbean Group,Consumer Discretionary,"Hotels, Resorts & Cruise Lines","Miami, Florida",12/5/2014,1997,royalcaribbean.com
SPGI,S&P Global,Financials,Financial Exchanges & Data,"New York City, New York",3/4/1957,1917,wps.com
CRM,Salesforce,Information Technology,Application Software,"San Francisco, California",9/15/2008,1999,salesforce.com
SBAC,SBA Communications,Real Estate,Specialized REITs,"Boca Raton, Florida",9/1/2017,1989,rocketreach.co
SLB,Schlumberger,Energy,Oil & Gas Equipment & Services,"Cura?ao, Kingdom of the Netherlands",3/4/1957,1926,slb.com
STX,Seagate Technology,Information Technology,"Technology Hardware, Storage & Peripherals","Dublin, Ireland",7/2/2012,1979,seagate.com
SEE,Sealed Air,Materials,Paper Packaging,"Charlotte, North Carolina",3/4/1957,1960,sealedair.com
SRE,Sempra Energy,Utilities,Multi-Utilities,"San Diego, California",2001?,1998,sempra.com
NOW,ServiceNow,Information Technology,Systems Software,"Santa Clara, California",11/21/2019,2003,servicenow.com
SHW,Sherwin-Williams,Materials,Specialty Chemicals,"Cleveland, Ohio",6/30/1964,1866,sherwin-williams.com
SPG,Simon Property Group,Real Estate,Retail REITs,"Indianapolis, Indiana",6/26/2002,2003,fandom.com
SWKS,Skyworks Solutions,Information Technology,Semiconductors,"Irvine, California",3/12/2015,2002,skyworksinc.com
SJM,J.M. Smucker Company (The),Consumer Staples,Packaged Foods & Meats,"Orrville, Ohio",11/6/2008,1897,reddit.com
SNA,Snap-on,Industrials,Industrial Machinery,"Kenosha, Wisconsin",9/30/1982,1920,usda.gov
SEDG,SolarEdge,Information Technology,Semiconductor Equipment,"Herzliya, Israel",12/20/2021,2006,solaredge.com
SO,Southern Company,Utilities,Electric Utilities,"Atlanta, Georgia",3/4/1957,1945,stockanalysis.com
LUV,Southwest Airlines,Industrials,Airlines,"Dallas, Texas",7/1/1994,1967,southwest.com
SWK,Stanley Black & Decker,Industrials,Industrial Machinery,"New Britain, Connecticut",9/30/1982,1843,stanleyblackanddecker.com
SBUX,Starbucks,Consumer Discretionary,Restaurants,"Seattle, Washington",6/7/2000,1971,starbucks.com
STT,State Street Corporation,Financials,Asset Management & Custody Banks,"Boston, Massachusetts",3/14/2003,1792,zhihu.com
STLD,Steel Dynamics,Materials,Steel,"Fort Wayne, Indiana",12/22/2022,1993,steeldynamics.com
STE,Steris,Health Care,Health Care Equipment,"Dublin, Ireland",12/23/2019,1985,steris.com
SYK,Stryker Corporation,Health Care,Health Care Equipment,"Kalamazoo, Michigan",12/12/2000,1941,stryker.com
SYF,Synchrony Financial,Financials,Consumer Finance,"Stamford, Connecticut",11/18/2015,2003,synchrony.com
SNPS,Synopsys,Information Technology,Application Software,"Mountain View, California",3/16/2017,1986,synopsys.com
SYY,Sysco,Consumer Staples,Food Distributors,"Houston, Texas",12/31/1986,1969,sysco.com
TMUS,T-Mobile US,Communication Services,Wireless Telecommunication Services,"Bellevue, Washington",7/15/2019,1994,google.com
TROW,T. Rowe Price,Financials,Asset Management & Custody Banks,"Baltimore, Maryland",,1937,financialplanninghub.co.uk
TTWO,Take-Two Interactive,Communication Services,Interactive Home Entertainment,"New York City, New York",3/19/2018,1993,businesswire.com
TPR,"Tapestry, Inc.",Consumer Discretionary,"Apparel, Accessories & Luxury Goods","New York City, New York",9/1/2004,2017,tapestry.com
TRGP,Targa Resources,Energy,Oil & Gas Storage & Transportation,"Houston, Texas",10/12/2022,2005,home.saxo
TGT,Target Corporation,Consumer Discretionary,General Merchandise Stores,"Minneapolis, Minnesota",12/31/1976,1902,target.com
TEL,TE Connectivity,Information Technology,Electronic Manufacturing Services,"Schaffhausen, Switzerland",10/17/2011,2007,weylan-d.com
TDY,Teledyne Technologies,Information Technology,Electronic Equipment & Instruments,"Thousand Oaks, California",6/22/2020,1960,empirerescue.org
TFX,Teleflex,Health Care,Health Care Equipment,"Wayne, Pennsylvania",1/18/2019,1943,teleflex.com
TER,Teradyne,Information Technology,Semiconductor Equipment,"North Reading, Massachusetts",9/21/2020,1960,teradyne.com
TSLA,"Tesla, Inc.",Consumer Discretionary,Automobile Manufacturers,"Austin, Texas",12/21/2020,2003,tesla.com
TXN,Texas Instruments,Information Technology,Semiconductors,"Dallas, Texas",,1930,texags.com
TXT,Textron,Industrials,Aerospace & Defense,"Providence, Rhode Island",12/31/1978,1923,textron.com
TMO,Thermo Fisher Scientific,Health Care,Life Sciences Tools & Services,"Waltham, Massachusetts",8/3/2004,2006 (1902),thermofisher.com
TJX,TJX Companies,Consumer Discretionary,Apparel Retail,"Framingham, Massachusetts",9/30/1985,1987,tjx.com
TSCO,Tractor Supply,Consumer Discretionary,Specialty Stores,"Brentwood, Tennessee",1/24/2014,1938,tractorsupply.com
TT,Trane Technologies,Industrials,Building Products,"Dublin, Ireland",11/17/2010,1871,tranetechnologies.com
TDG,TransDigm Group,Industrials,Aerospace & Defense,"Cleveland, Ohio",6/3/2016,1993,transdigm.com
TRV,Travelers Companies (The),Financials,Property & Casualty Insurance,"New York City, New York",8/21/2002,1853,corporatetraveler.com
TRMB,Trimble Inc.,Information Technology,Electronic Equipment & Instruments,"Westminster, Colorado",1/21/2021,1978,trimble.com
TFC,Truist,Financials,Regional Banks,"Charlotte, North Carolina",12/4/1997,1872,truist.com
TYL,Tyler Technologies,Information Technology,Application Software,"Plano, Texas",6/22/2020,1966,zoominfo.com
TSN,Tyson Foods,Consumer Staples,Packaged Foods & Meats,"Springdale, Arkansas",8/10/2005,1935,tramatm.com
USB,U.S. Bank,Financials,Diversified Banks,"Minneapolis, Minnesota",,1968,usbank.com
UDR,"UDR, Inc.",Real Estate,Residential REITs,"Highlands Ranch, Colorado",3/7/2016,1972,udr.com
ULTA,Ulta Beauty,Consumer Discretionary,Specialty Stores,"Bolingbrook, Illinois",4/18/2016,1990,ulta.com
UNP,Union Pacific Corporation,Industrials,Railroads,"Omaha, Nebraska",3/4/1957,1862,up.com
UAL,United Airlines Holdings,Industrials,Airlines,"Chicago, Illinois",9/3/2015,1967,united.com
UPS,United Parcel Service,Industrials,Air Freight & Logistics,"Sandy Springs, Georgia",7/22/2002,1907,ups.com
URI,United Rentals,Industrials,Trading Companies & Distributors,"Stamford, Connecticut",9/20/2014,1997,digitalproducer.com
UNH,UnitedHealth Group,Health Care,Managed Health Care,"Minnetonka, Minnesota",7/1/1994,1977,ipaddress.com
UHS,Universal Health Services,Health Care,Health Care Facilities,"King of Prussia, Pennsylvania",9/20/2014,1979,uhc.com
VLO,Valero Energy,Energy,Oil & Gas Refining & Marketing,"San Antonio, Texas",12/20/2002,1980,valero.com
VTR,Ventas,Real Estate,Health Care REITs,"Chicago, Illinois",3/4/2009,1998,illinews.com
VRSN,Verisign,Information Technology,Internet Services & Infrastructure,"Dulles, Virginia",2/1/2006,1995,verisign.com
VRSK,Verisk,Industrials,Research & Consulting Services,"Jersey City, New Jersey",10/8/2015,1971,verisk.com
VZ,Verizon,Communication Services,Integrated Telecommunication Services,"New York City, New York",11/30/1983,1983 (1877),verizon.com
VRTX,Vertex Pharmaceuticals,Health Care,Biotechnology,"Cambridge, Massachusetts",9/23/2013,1989,vrtx.com
VFC,VF Corporation,Consumer Discretionary,"Apparel, Accessories & Luxury Goods","Denver, Colorado",6/30/1979,1899,wikidata.org
VTRS,Viatris,Health Care,Pharmaceuticals,"Pittsburgh, Pennsylvania",4/23/2004,1961,viatris.com
VICI,Vici Properties,Real Estate,Hotel & Resort REITs,"New York City, New York",6/8/2022,2017,viciproperties.com
V,Visa Inc.,Information Technology,Data Processing & Outsourced Services,"San Francisco, California",12/21/2009,1958,zhihu.com
VMC,Vulcan Materials Company,Materials,Construction Materials,"Birmingham, Alabama",6/30/1999,1909,ainvest.com
WAB,Wabtec,Industrials,Construction Machinery & Heavy Trucks,"Pittsburgh, Pennsylvania",2/27/2019,1999 (1869),wabteccorp.com
WBA,Walgreens Boots Alliance,Consumer Staples,Drug Retail,"Deerfield, Illinois",12/31/1979,2014,walgreensbootsalliance.com
WMT,Walmart,Consumer Staples,Hypermarkets & Super Centers,"Bentonville, Arkansas",8/31/1982,1962,walmart.com
WBD,Warner Bros. Discovery,Communication Services,Broadcasting,"New York City, New York",4/11/2022,2022,wbd.com
WM,Waste Management,Industrials,Environmental & Facilities Services,"Houston, Texas",,1968,wm.com
WAT,Waters Corporation,Health Care,Health Care Distributors,"Milford, Massachusetts",1/2/2002,1958,waters.com
WEC,WEC Energy Group,Utilities,Electric Utilities,"Milwaukee, Wisconsin",10/31/2008,1896,benzinga.com
WFC,Wells Fargo,Financials,Diversified Banks,"San Francisco, California",6/30/1976,1852,wellsfargo.com
WELL,Welltower,Real Estate,Health Care REITs,"Toledo, Ohio",1/30/2009,1970,welltower.com
WST,West Pharmaceutical Services,Health Care,Health Care Supplies,"Exton, Pennsylvania",5/22/2020,1923,europeanpharmaceuticalreview.com
WDC,Western Digital,Information Technology,"Technology Hardware, Storage & Peripherals","San Jose, California",7/1/2009,1970,westerndigital.com
WRK,WestRock,Materials,Paper Packaging,"Atlanta, Georgia",3/4/1957,2015,vulturesrocks.com
WY,Weyerhaeuser,Real Estate,Specialized REITs,"Seattle, Washington",,1900,weyerhaeuser.com
WHR,Whirlpool Corporation,Consumer Discretionary,Household Appliances,"Benton Harbor, Michigan",,1911,whirlpoolcorp.com
WMB,Williams Companies,Energy,Oil & Gas Storage & Transportation,"Tulsa, Oklahoma",3/31/1975,1908,newyork-company.com
WTW,Willis Towers Watson,Financials,Insurance Brokers,"London, United Kingdom",1/5/2016,2016,programbusiness.com
GWW,W. W. Grainger,Industrials,Industrial Machinery,"Lake Forest, Illinois",6/30/1981,1927,grainger.com
WYNN,Wynn Resorts,Consumer Discretionary,Casinos & Gaming,"Paradise, Nevada",11/14/2008,2002,wynnresorts.com
XEL,Xcel Energy,Utilities,Multi-Utilities,"Minneapolis, Minnesota",3/4/1957,1909,xcelenergy.com
XYL,Xylem Inc.,Industrials,Industrial Machinery,"White Plains, New York",11/1/2011,2011,xylem.com
YUM,Yum! Brands,Consumer Discretionary,Restaurants,"Louisville, Kentucky",10/6/1997,1997,yum.com
ZBRA,Zebra Technologies,Information Technology,Electronic Equipment & Instruments,"Lincolnshire, Illinois",12/23/2019,1969,zebra.com
ZBH,Zimmer Biomet,Health Care,Health Care Equipment,"Warsaw, Indiana",8/7/2001,1927,zimmerbiomet.com
ZION,Zions Bancorporation,Financials,Regional Banks,"Salt Lake City, Utah",6/22/2001,1873,investorshangout.com
ZTS,Zoetis,Health Care,Pharmaceuticals,"Parsippany, New Jersey",6/21/2013,1952,zoetis.com
